Id,Label,timeset,modularity_class
"曼陀罗[一种被子植物门植物]",,,1
"植物界",,,2
"双子叶植物纲",,,1
"菊亚纲",,,1
"茄目",,,1
"茄科",,,1
"曼陀罗族",,,1
"曼陀罗属",,,1
"生物物种",,,4
"医学术语",,,16
"孜然[植物]",,,16
"被子植物门",,,5
"原始花被亚纲",,,5
"伞形目",,,16
"伞形科",,,16
"芹亚科",,,16
"阿米芹族",,,16
"孜然芹属",,,16
"自然",,,0
"中药",,,7
"蓬蒿",,,1
"菊目",,,1
"菊科",,,1
"春黄菊族",,,1
"茼蒿属",,,1
"茼蒿",,,1
"草本植物",,,1
"文学",,,3
"颠茄",,,1
"茄族",,,1
"植物",,,3
"芭蕉[芭蕉属植物]",,,2
"单子叶植物纲",,,2
"芭蕉目",,,2
"芭蕉科",,,2
"三色堇[草本植物]",,,15
"侧膜胎座目",,,15
"山茶亚目",,,15
"堇菜科",,,15
"堇菜属",,,15
"美丽堇菜亚属",,,15
"紫苏叶",,,7
"合瓣花亚纲",,,1
"管状花目",,,7
"唇形科",,,7
"野芝麻亚科",,,7
"塔花族",,,7
"紫苏属",,,7
"睡火莲",,,12
"被子植物亚门",,,17
"木兰亚纲",,,12
"睡莲目",,,12
"睡莲科",,,12
"睡莲属",,,12
"情人草",,,2
"舞草",,,2
"观赏植物",,,2
"香水百合[植物]",,,2
"百合目",,,2
"百合亚目",,,2
"百合科",,,2
"百合族",,,2
"百合属",,,2
"杨梅[杨梅科杨梅属植物]",,,3
"金缕梅亚纲",,,3
"杨梅目",,,3
"陆生植物",,,2
"常绿乔木",,,3
"无毒",,,7
"木本植物",,,3
"紫藤[豆科紫藤属植物]",,,9
"蔷薇目",,,5
"丘陵",,,9
"小毒",,,9
"中国",,,4
"苜蓿",,,5
"豆科",,,5
"蝶形花亚科",,,5
"车轴草族",,,4
"枇杷[水果]",,,5
"蔷薇亚纲",,,5
"蔷薇亚目",,,5
"蔷薇科",,,5
"苹果亚科",,,5
"枇杷属",,,5
"玉米[禾本科玉米属植物]",,,2
"禾本目",,,2
corn,,,2
"夏季",,,2
"西瓜霜",,,15
"葫芦科",,,15
"西瓜属",,,15
"橘子[芸香科柑桔属的一种水果]",,,9
Citrus reticulata,,,9
"芸香目",,,9
"芸香亚目",,,9
"柑橘亚科",,,9
"柑橘属",,,9
"柑橘亚属",,,9
"八角[木兰科八角属植物]",,,12
"毛茛目",,,12
"八角族",,,12
"肉被亚属",,,12
"人参[五加科人参]",,,16
"木兰纲",,,15
"人参族",,,16
"人参属",,,16
"中医",,,5
"木棉[锦葵目木棉科植物]",,,3
"木棉属",,,3
"昙花[仙人掌科植物]",,,11
"仙人掌目",,,11
"昙花属",,,11
"嘟柿",,,15
"杜鹃花目",,,15
"杜鹃花科",,,15
"越橘属",,,15
"竹[禾本科竹亚科植物]",,,2
"竹属",,,2
3,,,16
"桃花[蔷薇科桃属植物的花朵]",,,5
"李属",,,5
"温带",,,5
"水鬼蕉[植物]",,,2
"石蒜科",,,2
"水鬼蕉属",,,2
"恐龙[蜥形纲史前动物]",,,0
"原生生物界",,,0
"脊索动物门",,,0
"脊椎动物亚门",,,0
"双孔亚纲",,,0
"古生物",,,0
"古代史",,,0
"历史",,,0
"玛格丽特花",,,1
"桔梗目",,,1
"木茼蒿属",,,1
"葡萄柚",,,9
"西柚",,,9
"芸香科",,,9
"植物[有叶绿素和细胞壁能够进行自养的真核生物]",,,0
"真核生物域",,,0
"植被",,,0
"樱桃[蔷薇科落叶灌木果树]",,,5
"李亚科",,,5
"樱属",,,5
Cherry,,,5
"草莓[蔷薇科草莓属植物]",,,5
"蔷薇亚科",,,5
"水草[植物]",,,2
"鸭跖草亚纲",,,2
"莎草目",,,2
"莎草科",,,2
"飘拂草属",,,2
"魔芋",,,2
"磨芋",,,2
"中国食品科学技术学会",,,2
"香蕉[芭蕉科芭蕉属植物]",,,2
"姜亚纲",,,2
"姜目",,,2
"芭蕉亚科",,,2
"黄色",,,2
banana,,,2
"玉兰[木兰科木兰属植物]",,,12
"木兰目",,,12
"玉兰亚属",,,12
"梅[蔷薇科杏属植物]",,,5
"梅亚科",,,5
"牡丹[芍药科芍药属植物]",,,12
"芍药亚科",,,12
"矮牵牛",,,0
"碧冬茄",,,0
"罂粟[植物]",,,6
Papaver somniferum L,,,6
"罂粟目",,,6
"罂粟科",,,6
"罂粟属",,,6
"菊花[菊科菊属宿根草本植物]",,,1
"管状花亚科",,,1
"锡兰红茶",,,15
"山茶科",,,15
"斯里兰卡",,,8
"生活",,,15
"兰花[中国十大名花之一]",,,2
"百合亚纲",,,2
"兰目",,,2
"兰科",,,2
"兰亚科",,,2
"树兰族",,,2
"兰属",,,2
"月季花[蔷薇科植物]",,,5
"蔷薇属",,,5
"蔷薇亚属",,,5
"月季组",,,5
"桂花[中国木犀属众多树木的习称]",,,13
"唇形目",,,7
"木犀科",,,13
"水仙[石蒜科多年生草本植物]",,,2
"水仙属",,,2
"多花水仙",,,2
"埃及",,,10
"非洲",,,10
"开罗",,,10
7月23日,,,10
EGY,,,10
"阿拉伯语",,,10
"睡莲",,,10
"雄鹰",,,10
"单一制",,,10
"尼罗河",,,10
"荷花[莲科植物]",,,12
"莲属",,,12
"大蒜[蒜类植物的统称]",,,2
"种子植物门",,,17
"葱属",,,2
"荔枝[水果类植物]",,,9
"无患子目",,,9
"无患子科",,,9
"无患子亚科",,,9
"荔枝属",,,9
"杜鹃[杜鹃花科植物]",,,15
"五桠果亚纲",,,15
"杜鹃花亚科",,,15
"杜鹃属",,,15
"映山红亚属",,,15
"艺术家",,,15
"山茶花[山茶科、山茶属常绿灌木]",,,15
"山茶亚科",,,15
"山茶族",,,15
"山茶亚属",,,15
"昆明",,,15
"春城",,,15
"地级市",,,15
"西南地区",,,15
0871,,,15
"城市",,,15
"包谷",,,2
"玉米",,,2
"黍亚科",,,2
"栀子花[栀子花属植物]",,,1
"茜草目",,,1
"茜草科",,,1
"栀子族",,,1
"栀子属",,,1
"水横枝",,,1
"有丝分裂",,,1
"白刺",,,4
"牻牛儿苗目",,,4
"蒺藜科",,,4
"紫薇[千屈菜科紫薇属植物]",,,2
"桃金娘目",,,4
"无",,,2
"甘草[豆科甘草属植物]",,,7
"豆目",,,4
"山羊豆族",,,7
"多年生草本",,,7
"耐寒",,,3
"砂质壤土",,,7
"金丝小枣",,,5
"鼠李目",,,14
"鼠李科",,,14
"枣族",,,14
"枣属",,,14
"特产",,,5
"一氧化二氮",,,7
"有毒",,,7
"非生物",,,7
"医学",,,7
"桉树",,,3
"桉属",,,3
"砒霜[急性毒药]",,,7
"化学",,,3
"白鹤芋",,,2
"天南星科",,,2
"青藏高原[亚洲内陆高原]",,,0
"第三极",,,0
"藏语",,,2
"自然现象",,,0
"地理",,,0
"地点",,,0
"地形地貌",,,0
"白兰[木兰科含笑属植物]",,,12
"木兰族",,,12
"绒叶肖竹芋",,,2
"竹芋科",,,2
"肖竹芋属",,,2
"保亭花",,,3
"葡萄[葡萄属植物]",,,14
"葡萄科",,,3
"食品",,,14
"菜品",,,14
"变叶木",,,0
"大戟目",,,0
"大戟亚目",,,0
"大戟科",,,0
"巴豆亚科",,,0
"醉翁榆",,,3
"毛榆",,,3
"荨麻目",,,3
"榆科",,,3
"榆属",,,3
"雪莲[菊科风毛菊属高山草本植物]",,,1
"彩叶草",,,2
"菠萝菊",,,0
"红花属",,,0
"叉唇虾脊兰",,,2
"天门冬目",,,2
"虾脊兰属",,,2
"明星[汉语词语]",,,3
"大花蕙兰",,,2
"生物学",,,3
"学科",,,3
"树木",,,3
tree,,,3
"四叶草[车轴草属植物]",,,4
"幸运",,,4
"向日葵[菊科向日葵属植物]",,,0
"世界各地",,,0
"北美洲",,,0
"甜菜",,,11
"中央种子目",,,11
"藜科",,,11
"环胚亚科",,,11
"苦瓜[葫芦科苦瓜属植物]",,,15
"葫芦目",,,15
"南瓜族",,,15
"单曲",,,15
"乌龙茶[茶叶品种]",,,15
"山茶目",,,15
"君子兰[自然植物]",,,2
"君子兰属",,,2
"何首乌",,,11
"蓼目",,,11
"蓼科",,,11
"蓼亚科",,,11
"蓼族",,,11
"茶[中国传统饮品]",,,15
"山茶属",,,15
"茶组",,,15
"茶系",,,15
"茵陈[菊科植物]",,,7
"牛至属",,,7
"百里香亚族",,,7
"日梭万年历",,,4
"刘安国",,,4
4000年,,,4
"洛阳牡丹[中国名花]",,,12
Paeonia suffruticosa Andr,,,12
"毛茛科",,,12
"芍药属",,,12
"凤眼蓝",,,2
"粉状胚乳目",,,2
"雨久花亚目",,,2
"雨久花科",,,2
"中国水产学会",,,12
"慈利县",,,3
"慈姑",,,3
"零阳",,,3
"零阳镇",,,3
0744,,,3
"西南官话",,,3
"张家界荷花国际机场",,,3
"慈利站",,,3
"湘G",,,3
"土耳其",,,8
"亚洲",,,8
"安卡拉",,,8
1923年10月29日,,,8
"《独立进行曲》",,,8
"二战",,,8
"国家",,,8
"最甜的叶",,,3
"甜叶菊",,,3
"肇实",,,12
"芡实",,,12
"一串红[鼠尾草属植物]",,,7
"绿萝[常绿藤植物]",,,2
"龟背竹族",,,2
"麒麟叶属",,,2
"千日红[植物]",,,11
"苋科",,,11
"千日红属",,,11
"不灭的爱",,,11
"山楂[蔷薇科山楂属山楂果实]",,,5
"羽裂组",,,5
"千屈菜[植物]",,,4
"千屈菜科",,,4
"千屈菜属",,,4
"公丁香",,,4
"桃金娘科",,,4
"蒲桃属",,,4
"飞燕草[学名为Consolida ajacis的物种]",,,12
"毛莨目",,,12
"翠雀族",,,12
"飞燕草属",,,12
"大丽花[植物]",,,1
"向日葵族",,,1
"大丽花属",,,1
"大岩桐",,,1
"苦苣苔科",,,1
"大叶黄杨[卫矛目卫矛科植物]",,,2
"卫矛属",,,9
"茉莉花[木樨科素馨属灌木植物]",,,13
"玄参目",,,13
"木犀亚目",,,13
"素馨亚科",,,13
"素馨族",,,13
"马蹄莲[马蹄莲属植物的统称]",,,2
"天南星目",,,2
"千年健族",,,2
"万年青属",,,0
1821年,,,0
"山影拳",,,11
"石竹亚纲",,,11
"石竹目",,,11
"仙人掌科",,,11
"爬山虎[多种植物的别称]",,,5
"地锦属",,,5
lvy,,,5
"小苍兰",,,10
"香雪兰",,,10
"鸢尾科",,,2
"香雪兰属",,,10
Freesia,,,10
"凤仙花[凤仙花科草本植物]",,,0
"凤仙花属",,,0
"长春花[植物]",,,13
"捩花目",,,13
"夹竹桃科",,,13
"鸡蛋花亚科",,,13
"鸡蛋花族",,,13
"长春花属",,,13
"圣诞伽蓝菜",,,17
"景天科",,,17
"伽蓝菜属",,,17
"五色椒",,,1
"辣椒属",,,1
"辣椒",,,1
"五色梅[植物]",,,7
"马缨丹",,,7
"五星花[茑萝的别称]",,,1
"龙胆目",,,1
"龙胆亚目",,,1
"金鸡纳亚科",,,1
"耳草族",,,1
"五星花属",,,1
"桔梗[桔梗属草本植物]",,,1
"桔梗科",,,1
"桔梗亚科",,,1
"桔梗族",,,1
"水塔花",,,2
"凤梨亚目",,,2
"凤梨科",,,2
"石竹",,,0
"齿瓣组",,,0
"石榴[石榴科石榴属浆果]",,,4
"玉簪[天门冬科玉簪属植物]",,,2
"萱草族",,,2
"松花粉",,,0
"松科",,,0
"松属",,,0
"五月雪",,,0
"油桐花",,,0
LKA,,,8
.lk,,,8
"黑尾原鸡",,,8
"六月雪[茜草亚科植物]",,,1
"白马骨族",,,1
"柠檬[芸香科柑橘属植物]",,,9
"萝卜",,,6
"莱菔",,,6
"白花菜目",,,6
"十字花科",,,6
"芸苔族",,,6
"桃花心木[楝科常绿乔木]",,,3
"桃花心木亚科",,,3
"桃花心木属",,,3
"玫瑰[蔷薇科蔷薇属植物]",,,5
"桂味组",,,5
"宿萼大叶系",,,5
"白兰瓜",,,3
"白兰属",,,3
"菠萝",,,2
"黄梨",,,2
"凤梨属",,,2
"凤梨",,,2
"多年生草本植物",,,2
"聚花果",,,2
"橄榄[植物]",,,9
"橄榄科",,,9
"橄榄属",,,9
"书籍",,,17
"芦荟[芦荟属多年生草本植物]",,,2
"阿福花亚科",,,2
"芦荟族",,,2
"芒果[漆树科植物]",,,14
"杧果",,,14
"漆树亚目",,,9
"腰果族",,,14
"杧果属",,,14
"榴莲[热带著名水果之一]",,,0
"锦葵目",,,0
"木棉科",,,0
"榴莲属",,,0
"人参果[茄科果实]",,,1
"茄属",,,1
"莽吉柿",,,14
"藤黄科",,,14
"藤黄亚科",,,14
"藤黄族",,,14
"藤黄属",,,14
"果蔬",,,14
"椰子[棕榈科椰子属植物]",,,3
"可可椰子",,,3
"槟榔亚纲",,,3
"棕榈目",,,3
"槟榔亚科",,,3
"椰子族",,,3
"橙子[水果类]",,,9
"香橙",,,9
orange,,,9
"东南亚",,,1
"苋菜",,,11
"苋属",,,11
"鸢尾属",,,2
"爱丽丝",,,2
"圣女果",,,1
"菌类植物",,,1
"柿目",,,1
"果科",,,1
"樱桃番茄",,,1
"荼蘼[植物]",,,5
"空心泡",,,5
"空心莓组",,,5
"多心皮亚组",,,5
"文化",,,5
"直根系",,,1
"山丹[百合科百合属植物]",,,2
"细叶百合",,,2
"卷瓣组",,,2
"鳞茎",,,1
"百合[百合科百合属植物]",,,2
"野百合",,,2
"葛根",,,16
"葛属",,,16
"野葛",,,16
"科学",,,16
"益母草[唇形科母草属植物]",,,7
"野芝麻族",,,7
"益母草属",,,7
"医生",,,5
"人物",,,7
"旅游",,,15
travel,,,15
9月27日,,,15
"深圳十大客家古村落",,,15
"白薇[萝藦科、鹅绒藤属草本植物]",,,13
"马利筋亚科",,,13
"马利筋族",,,13
"药品",,,5
"火龙果[水果]",,,11
"量天尺属",,,11
"量天尺",,,11
"龙血树[灌木——观赏栽培植物]",,,2
"龙血树属",,,2
"虎尾兰属",,,2
"牛蒡[植物]",,,1
"菜蓟族",,,1
"牛蒡属",,,1
"二年生草本",,,1
"耐旱",,,1
"中性土壤",,,1
"鸭梨[水果品种]",,,5
"语言",,,5
"花椰菜",,,6
"甘蓝",,,6
"普洱茶[山茶科茶系树本]",,,15
"茶亚属",,,15
"饮品",,,15
"紫檀[豆科紫檀属乔木]",,,5
"黄檀族",,,5
"油茶[山茶科植物]",,,15
"天南星[天南星科天南星属植物]",,,2
"天南星族",,,2
"九层塔",,,7
"罗勒属",,,7
"罗勒",,,7
"小草[禾本科植物]",,,2
"画眉草亚科",,,2
"虎尾草族",,,2
"小草属",,,2
"社会",,,2
"珙桐",,,0
"山茱萸目",,,0
"稀有",,,0
"岩石[地质体]",,,0
"石头",,,0
"自然资源",,,0
"鹅毛树",,,13
"流苏",,,13
"寒月夜",,,17
"虎耳草亚目",,,17
"莲花掌属",,,17
"藏茵陈",,,1
"龙胆科",,,1
"显生宙",,,0
"枸杞",,,1
"爱情苹果",,,5
"苹果属",,,5
"玫瑰花[植物]",,,2
"蒲公英[菊科蒲公英属植物]",,,1
"舌状花亚科",,,1
"菊苣族",,,1
"猕猴桃[水果]",,,15
"猕猴桃科",,,15
"猕猴桃属",,,15
"苌楚",,,15
"十字花目",,,6
"西番莲[西番莲科植物]",,,15
"西番莲属",,,15
"风信子[风信子科多年生草本植物]",,,2
"风信子属",,,2
"红木[红木总称]",,,5
"茼蒿[植物]",,,1
"苦丁茶[冬青科冬青属植物]",,,1
"管花目",,,1
"大叶冬青",,,1
"断肠草[植物别称]",,,13
"马钱子",,,13
"马钱科",,,13
"钩吻属",,,13
"露兜树",,,3
"油棕",,,3
"棕榈科",,,3
"睡莲[睡莲科睡莲属水生植物]",,,12
"睡莲亚科",,,12
"医院",,,7
"马钱子[马钱科植物]",,,1
"马钱族",,,1
"马钱属",,,1
"王棕",,,3
"初生目",,,3
"槟榔族",,,3
"旅人蕉[旅人蕉科旅人蕉属植物]",,,2
"石蒜[石蒜属植物]",,,2
"红花石蒜",,,2
"郁金香[百合科郁金香植物]",,,2
"百合亚科",,,2
"郁金香属",,,2
"白玉兰[双子叶木兰科开白色花的植物]",,,12
"含笑亚属",,,12
"紫玉兰[木兰科木兰属植物]",,,12
"五味子[植物]",,,12
"八角目",,,12
"八角科",,,12
"五味子族",,,12
"五味子属",,,12
"少蕊五味子亚属",,,12
"龙葵[一年生草本茄科植物]",,,1
"龙葵亚属",,,1
"牵牛[牵牛属植物]",,,1
"旋花科",,,1
"旋花亚科",,,1
"番薯族",,,1
"茑萝松",,,1
"茑萝属",,,1
"朱顶红[植物]",,,2
"孤挺花属",,,2
"重楼[中药]",,,2
"重楼属",,,2
"秋季",,,5
"玉簪花[天门冬科玉簪属植物]",,,2
"枫树[植物]",,,2
"槭树",,,2
"槭树科",,,2
"槭树属",,,2
"茉莉[植物]",,,13
"茉莉花",,,13
"茉莉属",,,13
"红柳[植物]",,,15
"柽柳科",,,15
"柽柳属",,,15
"迎春花[木犀科素馨属植物]",,,13
"皱皮木瓜",,,5
"木瓜属",,,5
"米兰花",,,9
"米仔兰",,,9
"楝科",,,9
"楝亚科",,,9
"鹧鸪花族",,,9
"米仔兰属",,,9
"含笑花[木兰科含笑属植物]",,,12
"吊兰[植物]",,,2
"天门冬科",,,2
"吊兰族",,,2
"吊兰属",,,2
"橡皮树",,,3
"桑科",,,3
"榕属",,,3
"龟背竹",,,2
"吊竹梅[鸭跖草科常绿草本植物]",,,2
"鸭跖草亚目",,,2
"吊竹梅属",,,2
"虎耳草[虎耳草科植物]",,,5
"虎耳草亚科",,,5
"虎耳草族",,,5
"虎耳草属",,,5
"虎耳草亚属",,,5
"彼岸花[石蒜科植物]",,,2
"石蒜属",,,2
"袖珍椰子",,,0
"竹棕属",,,0
"春羽[天南星科植物]",,,2
"春芋",,,2
"喜林芋属",,,2
"天竺葵[灌木花卉植物]",,,4
"牻牛儿苗科",,,4
"天竺葵属",,,4
"田三七",,,16
"五加科",,,16
"假人参",,,16
"沙枣树",,,4
"胡颓子科",,,4
"胡颓子属",,,4
"金银花[植物]",,,16
"忍冬",,,16
"川续断目",,,16
"忍冬科",,,16
"忍冬族",,,16
"忍冬属",,,16
"清热解毒药",,,16
"宝石花[多肉植物的统称]",,,17
"拟石莲花属",,,17
"永不凋谢的花朵",,,17
"酒瓶兰",,,2
"象腿树",,,2
"龙舌兰科",,,2
"花旗参",,,16
"西洋参",,,16
"桔梗花[植物]",,,1
"桔梗属",,,1
"骆驼刺[豆科骆驼刺属植物]",,,4
"骆驼草",,,4
"荒漠",,,4
"山茶[植物]",,,15
"刺楸",,,16
"多蕊木族",,,16
"锁阳[锁阳科、锁阳属多年生肉质寄生草本]",,,3
"幸运草[植物]",,,4
"车轴草属",,,4
"西瓜[葫芦科植物]",,,15
watermelon,,,15
"大谷运茶",,,15
"雅鲁藏布大峡谷",,,0
"青藏高原",,,4
"第四纪",,,0
"亚热带季风气候",,,0
"狗尾巴草",,,5
"禾本科",,,2
"黍族",,,2
"狗尾草属",,,2
"狗尾草",,,5
"食人树",,,3
"含羞草[含羞草－豆科植物]",,,5
"含羞草亚科",,,5
"含羞草族",,,5
"含羞草属",,,5
"富贵竹[龙血树属植物]",,,2
"白菜[十字花科蔬菜]",,,6
"芸薹属",,,6
"芸薹",,,6
"椭圆形",,,6
"长叶松森林[生态森林]",,,2
"葳蕤",,,3
"玉竹",,,3
"胡萝卜[伞形科植物]",,,16
"胡萝卜族",,,16
"胡萝卜属",,,16
"粟[小米]",,,2
"槐[豆科槐属乔木]",,,17
"芒[禾木科植物]",,,2
"芒属",,,2
"依米[非洲花种]",,,0
"文竹[植物]",,,2
"天门冬亚科",,,2
"天门冬属",,,2
"雕塑",,,2
"金花茶",,,15
"望天树[龙脑香科植物]",,,15
"擎天树",,,15
"柳安属",,,15
"月桂[樟科月桂属植物]",,,12
Laurus nobilis,,,12
"樟亚科",,,12
"月桂亚族",,,12
"仙草冰",,,7
"罗勒亚科",,,7
"罗勒族",,,7
"凉粉草属",,,7
"金叶女贞",,,3
"女贞属",,,3
"薄荷[唇形科植物]",,,7
"薄荷属",,,7
"薄荷亚族",,,7
"薄荷组",,,7
"薄荷亚组",,,7
"薄荷系",,,7
"菜花[蔬菜]",,,6
"蓝色妖姬[染了蓝紫色的蔷薇科蔷薇属玫瑰种植物]",,,5
"红景天[景天科红景天属植物]",,,5
"景天亚科",,,17
"番石榴[植物]",,,4
"桃金娘亚科",,,4
"桃金娘族",,,4
"番石榴属",,,4
"荸荠[荸荠属植物]",,,2
"藨草亚科",,,2
"藨草族",,,2
"砀山酥梨",,,5
"梨属",,,5
"白垩纪",,,0
medicine,,,5
"三叠纪",,,0
"木瓜[蔷薇科木瓜属植物]",,,5
pawpaw,,,5
"奥陶纪",,,0
O,,,0
"藏缅语族",,,2
"字词",,,2
"蔷薇[蔷薇属部分花卉通称]",,,5
"柿饼",,,7
"柿科",,,7
"哈巴狗",,,4
pug,,,4
"小型",,,4
"玩赏犬",,,4
"老鹳草[牻牛儿苗科老鹳草属植物]",,,7
"木香[草药]",,,1
"马齿苋[马齿苋科马齿苋属植物]",,,11
"木蝴蝶[植物]",,,7
"紫葳科",,,4
"木蝴蝶属",,,7
"铁桦树",,,3
"赛黑桦",,,3
"壳斗目",,,3
"桦木目",,,3
"桦木科",,,3
"桦木属",,,3
"马兜铃[植物]",,,7
"马兜铃目",,,7
"马兜铃科",,,7
"马兜铃亚科",,,7
"马兜铃族",,,7
"马兜铃属",,,7
"马兜铃亚属",,,7
"马鞭草[马鞭草科植物]",,,7
"马鞭草属",,,7
"明党参[伞形科明党参属植物]",,,16
"美味芹族",,,16
"麦芽",,,7
"牡丹皮",,,12
"猫爪草[植物]",,,12
"毛茛亚科",,,12
"毛茛族",,,12
"毛茛属",,,12
"腊梅花[腊梅花]",,,7
"樟目",,,12
"蜡梅科",,,7
"蜡梅属",,,7
"蜡梅",,,7
"密蒙花[中药]",,,13
"醉鱼草属",,,13
"春季",,,13
"龙胆[中草药]",,,1
"龙胆亚科",,,1
"龙胆族",,,1
"龙胆属",,,1
"龙胆草",,,1
"凌霄花",,,4
"莲子",,,12
"漏芦",,,1
"两头尖",,,12
"银莲花属",,,12
"多被银莲花",,,12
"路路通[中药]",,,17
"金缕梅科",,,17
"枫香树",,,17
"仙人掌[石竹沙漠植物]",,,11
"仙人掌属",,,11
"芦根[植物]",,,3
"芦苇属",,,3
"络石藤[植物]",,,2
"络石属",,,2
"连翘[木犀科连翘属植物]",,,13
"木犀亚科",,,13
"丁香族",,,13
"西兰花",,,0
"青花菜",,,0
"九里香[芸香科、九里香属常绿灌木]",,,9
"电影",,,12
"两面针[中药]",,,9
"花椒属",,,9
"决明子[中药]",,,5
"决明属",,,5
"荆芥[唇形科荆芥属植物]",,,7
"荆芥族",,,7
"金礞石",,,7
"烂石",,,7
"金樱子[中草药]",,,5
"金钱草[金钱草一种植物]",,,1
"镜面草",,,1
"报春花目",,,1
"报春花科",,,1
"珍珠菜属",,,1
"金沸草",,,4
"金果榄",,,12
"防己科",,,12
"青牛胆",,,12
"金荞麦[植物]",,,11
"荞麦属",,,11
"降香[豆科黄檀属乔木]",,,5
"蝶形花科",,,4
"红大戟",,,1
"红芽大戟属",,,1
"鸡血藤[植物]",,,5
"南瓜[南瓜葫芦科植物]",,,15
"堇菜目",,,15
"南瓜属",,,15
"鸡冠花[苋科植物]",,,11
"青葙属",,,11
"真核域",,,2
"厚朴[木兰科木兰属植物]",,,12
"木兰亚属",,,12
"胡椒[胡椒科胡椒属植物]",,,4
"胡椒目",,,4
"胡黄连[胡黄连]",,,7
"玄参科",,,7
"胡黄连属",,,7
"红花[菊科、红花属植物]",,,1
"红蓝花",,,1
"虎杖[中药]",,,11
"虎杖属",,,11
"黄柏[中药]",,,9
"川黄柏",,,9
"黄皮树",,,9
"花椒[植物]",,,9
"芸香亚科",,,9
"花椒亚属",,,9
"黄连[毛茛科植物]",,,12
"唐松草亚科",,,12
"黄连族",,,12
"黄连属",,,12
"黄芩[唇形科植物]",,,7
"黄芩亚科",,,7
"黄芩属",,,7
"黄芩亚属",,,7
"荷叶[睡莲科植物莲的叶]",,,5
"莲叶",,,5
"汉桂",,,0
"桂花",,,0
"木犀属",,,0
"蟹爪兰[仙人掌科观赏植物]",,,11
"蟹爪兰属",,,11
"海棠[蔷薇科植物]",,,5
"祁门红茶",,,15
"木兰[植物学用语]",,,12
"木兰属",,,12
"圆锥石头花",,,11
"石竹科",,,11
"石竹亚科",,,11
"石竹族",,,11
"石头花属",,,11
"雾葡萄",,,3
"葡萄属",,,3
"芹菜[伞形科植物]",,,16
"胡芹",,,16
"芹属",,,16
celery,,,16
"冬瓜",,,15
"香菜[伞形科刺芹属植物]",,,16
"芫荽",,,16
"番茄[茄科茄属植物]",,,1
"红薯叶",,,1
"番薯",,,1
"小麦[小麦属植物的统称]",,,2
"早熟禾亚科",,,2
"小麦族",,,2
wheat,,,2
"杨树[植物]",,,3
"杨柳目",,,3
"杨柳科",,,3
"杨属",,,3
"黄河流域",,,3
aspen,,,3
"落叶乔木",,,3
"葱莲",,,2
"无籽西瓜[二倍体跟诱变产生的四倍体杂交而成的西瓜]",,,15
"农学",,,3
"紫罗兰[十字花科草本植物]",,,6
"紫罗兰属",,,6
"四川百里峡",,,0
"平车前",,,1
"车前目",,,1
"车前科",,,1
"车前属",,,1
"棉花[锦葵科棉属植物]",,,0
"棉纤维",,,0
"木槿族",,,0
cotton,,,0
"白蜡树[木犀科植物]",,,13
"梣族",,,13
"梣属",,,13
"茄[茄科植物]",,,1
"茄亚属",,,1
"海风藤",,,4
"胡椒科",,,4
"海藻[植物物种]",,,0
"藻类植物门",,,0
"绿藻纲",,,0
"松藻目",,,0
"马尾藻科",,,0
"松藻属",,,0
"炮姜",,,2
"姜科",,,2
"姜属",,,2
"干姜",,,7
"关木通",,,7
"莴苣[植物]",,,1
"莴苣亚族",,,1
"莴苣属",,,1
"佛手[芸香科植物]",,,9
"香橼",,,9
"甘遂",,,0
"大戟亚科",,,0
"大戟族",,,0
"大戟属",,,0
"乳浆大戟亚属",,,0
"木天蓼",,,15
"春秋",,,15
"甘松",,,16
"败酱科",,,16
"枸骨叶",,,0
"冬青目",,,0
"冬青科",,,0
"冬青属",,,0
"钩藤[茜草科钩藤属植物]",,,1
"乌檀族",,,1
"狗脊",,,7
"真蕨亚门",,,7
"薄囊蕨纲",,,7
"水龙骨目",,,7
"蚌壳蕨科",,,7
"剑麻[植物名称]",,,2
"菠萝麻",,,2
Agave sisalana,,,2
"龙舌兰属",,,2
"白芷[植物]",,,16
"前胡族",,,16
"当归属",,,16
"田野",,,16
"猪笼草[植物]",,,1
"瓶子草目",,,1
"猪笼草科",,,1
"猪笼草属",,,1
"韭菜",,,2
"葱亚科",,,2
"李子[蔷薇科李属植物]",,,5
"水稻",,,0
"稻亚科",,,0
"稻属",,,0
paddy,,,0
"袁隆平",,,0
"高粱[禾本科高粱属草本]",,,2
"棕榈树",,,3
"金露花",,,7
"马鞭草科",,,7
"南美洲",,,7
"马樱丹",,,7
"马缨丹属",,,7
"宁夏枸杞",,,3
"中宁枸杞",,,1
"枸杞属",,,1
"荷兰鸢尾",,,2
"银屏牡丹",,,17
"虎耳草目",,,17
"五桠果目",,,17
"五彩石竹",,,11
"石竹属",,,11
"马尼拉草",,,2
"结缕草属",,,2
"沟叶结缕草",,,2
"白花蛇舌草[茜草科耳草属植物]",,,1
"半枝莲[植物]",,,7
"蝴蝶兰[兰科、蝴蝶兰属植物]",,,2
"荷包花",,,7
"秤锤树",,,15
"柿树目",,,15
"安息香科",,,15
"香石竹",,,11
"栀子花茶",,,1
"勋章菊",,,1
"白兰花茶",,,3
"木兰科",,,12
"珠兰花茶",,,15
"花族",,,15
"新几内亚凤仙",,,0
"凤仙花科",,,0
"春兰[兰科兰属地生植物]",,,2
"海马宫茶",,,15
"茶科",,,15
"黄茶",,,14
"天花粉",,,16
"栝楼属",,,16
"栝楼",,,16
"知母[中药]",,,2
"知母属",,,2
"河北",,,2
"沙漠玫瑰",,,1
"天宝花",,,1
"巨柱仙人掌",,,11
"康乃馨[石竹属植物]",,,11
"中日照植物",,,11
"石灰质土壤",,,11
"慈利杜仲",,,3
"翠菊",,,1
"紫菀族",,,1
"地被月季",,,5
"三七[草药]",,,5
"吊金钱",,,13
"萝藦科",,,13
"吊灯花属",,,13
"豆瓣绿[植物]",,,4
"草胡椒属",,,4
"冬珊瑚[植物]",,,1
"多室八角金盘",,,16
"八角金盘属",,,16
"鹅掌柴",,,16
"峨眉含笑",,,12
"含笑属",,,12
"蛾蝶花",,,2
"非洲菊",,,1
"帚菊木族",,,1
"大丁草属",,,1
"肥牛树",,,0
"铁苋菜亚科",,,0
"铁苋菜族",,,0
"绯牡丹",,,11
"裸萼球属",,,11
220,,,17
2000,,,17
"紫薇树",,,3
"黑法师",,,17
"多肉植物",,,17
"美人蕉[植物]",,,2
"美人蕉科",,,2
"美人蕉属",,,2
"黄花美人蕉",,,2
"榆钱",,,3
"广玉兰[木兰科木兰属植物]",,,12
"荷花玉兰",,,12
"微毒",,,12
"苦参",,,4
"槐属",,,4
"凹叶厚朴",,,12
"八角莲[植物]",,,12
"小檗科",,,12
"鬼臼属",,,12
"半夏[天南星科药用植物]",,,2
"半夏属",,,2
"臭牡丹[植物]",,,7
"牡荆亚科",,,7
"大青族",,,7
"大青属",,,7
"刺五加",,,5
"五加属",,,5
"三叶鬼针草",,,1
"鬼针草属",,,1
"一枝黄花[菊科一支黄花属植物]",,,1
"一枝黄花属",,,1
"一点红[菊科一点红属植物]",,,1
"千里光族",,,1
"三白草[三白草科植物]",,,4
"三白草属",,,4
"动物",,,4
"山核桃[胡桃科山核桃属植物]",,,5
"胡桃目",,,5
"龙芽草",,,5
"千里光[植物]",,,1
"千里光属",,,1
"玄参[中药]",,,7
"玄参属",,,7
"瑞香科",,,0
"铃兰花",,,2
"铃兰属",,,2
"大同黄花",,,3
"金针菜",,,3
"盆栽葡萄",,,3
"白车轴草[豆科植物]",,,4
"姜[姜科姜属植物]",,,2
"姜亚科",,,2
"姜族",,,2
"大豆",,,5
"沉香[药材]",,,0
"沉香属",,,0
"白木香",,,0
"黍",,,2
"丝瓜[葫芦科属丝瓜属植物]",,,15
"芫荽[香菜学名]",,,16
"芫荽族",,,16
"芫荽属",,,16
"豆瓣菜",,,6
"孪生草",,,8
"茵陈蒿",,,1
"因尘",,,1
"蒿属",,,1
"蒿亚属",,,1
"艾蒿组",,,1
"亮绿蒿系",,,1
"地肤",,,11
"樟味藜族",,,11
"茼蒿菜",,,1
"墨菜",,,7
"墨旱莲",,,7
"马兰头[马莱]",,,1
"菠菜[草本植物]",,,11
Spinacia oleracea,,,11
"滨藜族",,,11
"菠菜属",,,11
spinach,,,11
"蘘荷[植物]",,,2
"洋火姜",,,2
"大蓟",,,1
"蓟属",,,1
"菱角[水生植物]",,,4
"菱科",,,4
"菱属",,,4
"莼菜",,,12
"莼亚科",,,12
"莼属",,,12
"清明菜",,,7
"鼠麴草属",,,7
"鼠曲草",,,7
"蔊菜",,,3
"蕨儿菜",,,7
"刺苋菜",,,11
"葵菜",,,7
"锦葵科",,,4
"锦葵族",,,7
"锦葵属",,,7
"荇菜",,,1
"莕菜属",,,1
"稻槎菜[中草药]",,,1
"稻槎菜属",,,1
"蕹菜[植物]",,,1
"番薯属",,,1
"葱[食用蔬菜]",,,2
"葱族",,,2
"宝塔菜",,,7
"白茅根",,,2
"白茅属",,,2
"代代橘",,,0
"龙眼[无患子科龙眼属植物]",,,9
"桑葚",,,3
"桑属",,,3
"芡实[草药]",,,5
"芡属",,,5
"香橼[芸香科植物]",,,9
"郁李[中草药]",,,5
"矮生樱亚属",,,5
"小茴香[中药]",,,16
"茴香属",,,16
"鸡蛋花[夹竹桃科鸡蛋花属植物]",,,13
"鹅掌楸[植物]",,,12
"鹅掌楸属",,,12
"国家二级保护植物",,,12
"大茴香[肉被亚属植物]",,,7
"八角",,,7
"砂仁[植物]",,,5
"小豆蔻",,,5
"豆蔻属",,,5
"草果亚属",,,5
"及已",,,4
"金粟兰科",,,4
"金粟兰属",,,4
"地椒",,,7
"百里香属",,,7
"辣椒[茄科一年生或有限多年生植物]",,,1
"垂盆草[中药]",,,17
"景天属",,,17
"生姜[常用调味植物]",,,2
ginger,,,2
"桑椹密膏",,,7
"黄精[植物]",,,2
"黄精属",,,2
"补益药",,,2
"玉竹[百合科黄精属植物]",,,2
"黄精族",,,2
"刀豆[豆科刀豆属植物]",,,4
"菜豆族",,,5
"槟榔[棕榈科槟榔属植物]",,,3
"结缕草",,,2
"鹰嘴豆",,,4
"葵花籽",,,0
"向日葵属",,,0
"花生[双叶植物类]",,,5
"合萌族",,,5
"落花生属",,,5
peanut,,,5
"委陵菜[植物]",,,5
"委陵菜属",,,5
"细裂委陵菜",,,5
"希莶草",,,1
"广金钱草",,,0
"马蹄金属",,,0
"马蹄金",,,0
"广藿香",,,7
"刺蕊草属",,,7
"广东",,,14
"景天三七[植物]",,,17
"费菜",,,17
"水飞蓟[桔梗目菊科植物]",,,7
"水飞蓟属",,,7
"泽漆",,,0
"泽兰[毛茛科乌头属植物]",,,0
"淫羊藿[小檗科淫羊藿属植物]",,,4
"淡竹叶[植物]",,,2
"假淡竹叶亚科",,,2
"淡竹叶属",,,2
"瓜子金",,,5
"远志亚目",,,5
"远志科",,,5
"远志族",,,5
"远志属",,,5
"远志亚属",,,5
"白屈菜",,,3
"白英[茄科草质藤本植物]",,,1
"瞿麦[石竹科石竹属植物]",,,11
"楠木",,,12
"樟科",,,12
"楠属",,,12
"经济植物",,,15
"穿心莲[爵床科植物]",,,4
"筋骨草[唇形科植物]",,,7
"筋骨草亚科",,,7
"筋骨草属",,,7
"筋骨草组",,,7
"筋骨草亚组",,,7
"筋骨草系",,,7
"半边莲[植物]",,,1
"半边莲属",,,1
"细辛─北细辛",,,7
"臭草[草药]",,,7
"非处方药",,,7
"茅莓[植物]",,,5
"悬钩子属",,,5
"荔枝草[唇形科鼠尾草属植物]",,,7
"仙客来",,,1
"沙田柚",,,9
"连钱草",,,7
"活血丹属",,,7
"藿香[唇形科荆芥属植物]",,,7
"藿香属",,,7
"野颠茄",,,3
"刺茄",,,3
"败酱草[败酱科植物]",,,6
"菥蓂",,,6
"独行菜族",,,6
"菥蓂属",,,6
"蛇莓[植物]",,,5
"蛇莓属",,,5
"野马追[菊科佩兰属植物]",,,1
"青蒿[菊科蒿属植物]",,,1
"大头青蒿",,,1
"酉阳青蒿",,,1
"铁苋菜[植物]",,,0
"铁苋菜属",,,0
"陆英[植物]",,,7
"接骨木族",,,7
"接骨木属",,,7
"鱼腹草",,,7
"三白草科",,,7
"鸭跖草[鸭跖草科植物]",,,2
"鸭跖草属",,,2
"鼠曲草[植物]",,,1
"鼠麴草",,,1
"昆布[翅藻科植物]",,,5
"褐藻门",,,5
"海带目",,,5
"铁皮石斛[兰科草本植物]",,,2
"微子目",,,2
"石斛属",,,2
"薰衣草[唇形科薰衣草属植物]",,,1
"薰衣草亚科",,,1
"槲寄生[植物]",,,3
"檀香目",,,3
"桑寄生科",,,3
"槲寄生属",,,3
"栲树",,,3
"山羊[牛科羊亚科动物]",,,4
"绵羊",,,4
"动物界",,,4
"巴豆[大戟科巴豆属植物]",,,0
"金虎尾目",,,0
"皂角树",,,5
"皂荚",,,5
"皂荚属",,,5
"棕榈[棕榈科棕榈属植物]",,,4
"唐菖蒲",,,2
"红毛丹",,,9
"韶子属",,,9
"韶子",,,9
"番荔枝[热带植物]",,,12
"番荔枝科",,,12
"番荔枝族",,,12
"番荔枝属",,,12
"绿橙",,,9
"小米蕉",,,2
"阳桃[植物]",,,4
"酢浆草科",,,4
"阳桃属",,,4
"铁刀木",,,5
"云实亚科",,,5
"决明族",,,5
"甘蓝[植物]",,,6
"紫甘蓝",,,6
"桦木",,,3
"柳树",,,0
willow,,,0
Q,,,0
"蒜苗",,,2
"合欢[豆科合欢属植物]",,,5
"茄参",,,1
"铅[金属元素]",,,7
lead,,,7
"桂枝[樟目樟科植物]",,,12
"柳桂",,,12
"樟族",,,12
"樟属",,,12
"砷",,,7
"艾尔伯图斯·麦格努斯",,,7
"青城雪芽",,,15
"茶属",,,15
"茶",,,15
"油麦菜",,,1
"西葫芦[葫芦科南瓜属植物]",,,15
"牡丹花",,,12
"麻姑茶",,,15
"绿茶",,,15
"防癌",,,15
"麻姑山",,,15
"芸豆[一种豆类蔬菜]",,,5
"菜豆属",,,5
"菜豆",,,5
"广东红碎茶",,,15
"茶叶",,,15
"广东省",,,15
"武夷大红袍",,,15
"白牡丹[多肉植物]",,,17
"卡瓦",,,17
"紧压茶",,,2
"莫干黄芽",,,15
"八角金盆",,,16
"台湾",,,16
"酒瓶椰",,,3
"光棍树",,,0
"绿玉树",,,0
"假鹰爪",,,12
"王莲[睡莲科王莲属植物]",,,12
"秋海棠[秋海棠科秋海棠属植物]",,,15
"菟丝子[一年生寄生植物]",,,1
"菟丝子亚科",,,1
"菟丝子属",,,1
"线茎亚属",,,1
"中国文学",,,1
"倒挂金钟",,,4
"柳叶菜科",,,4
"文殊兰[植物]",,,2
"文殊兰属",,,2
"芨芨草[禾本科、芨芨草属植物]",,,2
"芝麻[胡麻籽种]",,,2
sesame,,,2
"柴胡[中药]",,,16
"柴胡属",,,16
"凤尾竹[植物]",,,2
"竹亚科",,,2
"簕竹族",,,2
"簕竹属",,,2
"孝顺竹亚属",,,2
"孝顺竹",,,2
"龙金",,,4
"金鱼",,,4
"中国金鱼",,,17
"洋葱[石蒜科葱属植物]",,,2
"全世界",,,2
"大菱鲆",,,12
"艾草[菊科蒿属植物]",,,1
"大黄[多种植物的别称]",,,0
"大黄属",,,0
"独活[中药]",,,16
"重齿毛当归",,,16
"金莲花[植物物种]",,,12
"寒金莲",,,12
"金莲花亚科",,,12
"金莲花族",,,12
"金莲花属",,,12
"附子[毛茛科乌头属植物]",,,12
"夜来香[多年生藤状缠绕草本植物]",,,13
"牛奶菜族",,,13
"夜来香属",,,13
"佛手柑[植物]",,,9
"桃[蔷薇科桃属植物]",,,5
"桃亚属",,,5
"细辛[马兜铃科、细辛属多年生草本]",,,7
"细辛亚科",,,7
"细辛族",,,7
"杜衡亚属",,,7
"梨[蔷薇科梨属植物]",,,5
"鸭梨",,,5
pear,,,5
"甜",,,5
"梧桐树[梧桐科梧桐属植物]",,,2
"柑橘[芸香科下属植物]",,,9
"柿子[水果名称]",,,14
"安息香[中药]",,,3
"拙贝罗香",,,3
"大王花[世界上最大的花]",,,0
"大花草科",,,0
"大王花属",,,0
"大麦[农作物]",,,2
"麦子",,,2
"大麦属",,,2
"大叶青",,,14
"枇杷叶[植物]",,,5
"牡荆叶",,,7
"牡荆属",,,7
"紫珠叶",,,7
"紫珠属",,,7
"杜虹花",,,7
"胡颓子",,,4
"臭梧桐叶",,,7
"海州常山",,,7
"艾叶",,,1
"芙蓉叶[植物]",,,4
"木槿属",,,4
"黄花夹竹桃叶",,,13
"黄花夹竹桃属",,,13
"全年",,,13
"芦笋[天门冬科植物石刁柏的嫩芽]",,,2
"天门冬族",,,2
"杏[蔷薇科杏属植物]",,,5
"杏子",,,5
"玫瑰茄",,,4
"番木瓜[植物]",,,15
"番木瓜科",,,15
"番木瓜属",,,15
"柿[柿科柿属植物]",,,1
"洋蒲桃",,,4
"蒲桃族",,,4
"蚕豆[豆科植物]",,,5
"野豌豆族",,,5
"野豌豆属",,,5
"榛子[坚果类食品]",,,3
"平榛",,,3
"树莓",,,5
"覆盆子",,,5
"阿月浑子[植物]",,,9
"漆树科",,,9
"漆树族",,,9
"黄连木属",,,9
"巴旦木",,,5
"扁桃",,,5
"美国加利福尼亚州",,,5
"休闲食品",,,5
"火星花",,,2
"雄黄兰",,,2
"雄黄兰属",,,2
"栗子[栗属植物]",,,3
"山毛榉目",,,3
"壳斗科",,,3
"青稞[禾本科植物]",,,2
"太子参[中药]",,,11
"孩儿参",,,11
"童参",,,11
"四叶参",,,1
"米参",,,11
"孩儿参属",,,11
"开心果[植物果实]",,,9
"黑茶藨子",,,17
"虎耳草科",,,17
"茶藨子亚科",,,17
"茶藨子属",,,17
"茶藨子亚属",,,17
"臭茶藨子组",,,17
"臭茶藨子系",,,17
"孔雀木",,,16
"鹿角海棠",,,11
"番杏科",,,11
"南部非洲",,,11
"紫心草",,,2
"爵床科",,,2
"芦莉草属",,,2
"紫花凤梨",,,2
"凤梨目",,,2
"铁兰属",,,2
"美女樱",,,7
"七叶树",,,3
"甘谷辣椒",,,3
"大百合",,,2
"萱草[植物]",,,2
"萱草属",,,2
"紫海葱",,,2
"油点草",,,2
"油点草族",,,2
"油点草属",,,2
"山樱[花卉]",,,0
"龙凤牡丹",,,5
"令箭荷花[仙人掌科植物]",,,11
"泡桐[植物]",,,2
"天仙子[茄科植物天仙子]",,,7
"天仙子属",,,7
"台湾萍蓬草",,,12
"萍蓬草属",,,12
"红花羊蹄甲",,,4
"羊蹄甲属",,,4
"紫鹅绒",,,1
"菊三七属",,,1
"生石花",,,11
"矢车菊[植物物种]",,,1
"矢车菊属",,,1
"夏枯草[植物]",,,7
"夏枯草属",,,7
"沙果[植物]",,,2
"柰子",,,2
"川芎",,,16
"藁本属",,,16
"广防己",,,7
"川楝子",,,9
"楝属",,,9
"女贞子",,,13
"木犀榄族",,,13
"女贞组",,,13
"报岁兰",,,2
"瓶子树",,,0
"瓶树",,,0
"小叶莲",,,12
"桃儿七",,,12
"猴面包树",,,0
"马钱子粉",,,13
"王不留行",,,11
"麦蓝菜",,,11
"天仙藤[中药]",,,7
"马兜铃",,,7
"天竺黄",,,2
"彩云球",,,11
"仙人球属",,,11
"覆盆子[中草药材]",,,5
"豆蔻[姜科山姜属植物]",,,2
"草豆蔻",,,2
"艳山姜亚属",,,2
"鹤望兰",,,2
"旅人蕉科",,,2
"使君子[植物]",,,4
"使君子科",,,4
"使君子属",,,4
"南鹤虱",,,4
"野胡萝卜",,,4
"红豆[相思子俗称]",,,5
"相思子族",,,5
"相思子属",,,5
"非洲相思子",,,5
"八角茴香[木兰科八角属植物]",,,12
"冬瓜皮[中药]",,,15
"冬瓜属",,,15
"化橘红[芸香科柑橘属植物]",,,9
"化州橘红",,,9
"柚",,,9
"地理标志保护产品",,,9
"柠檬草",,,2
"香茅",,,2
"高粱族",,,2
"香茅属",,,2
"迷迭香[唇形科植物]",,,7
Rosmarinus officinalis,,,7
"迷迭香族",,,7
"迷迭香属",,,7
"吴茱萸[芸香科植物]",,,5
"大草寇",,,3
"山姜属",,,2
"山姜",,,3
"抗浪鱼",,,4
"鱇浪白鱼",,,4
"白鱼属",,,4
"山茱萸[山茱萸科山茱萸属植物]",,,5
"木瓜─冥楂",,,5
"柿蒂",,,7
"柿树科",,,7
"木瓜─贴梗海棠",,,4
"栀子[茜草科植物]",,,1
"楮实子",,,7
"水红花子[植物]",,,11
"蓼属",,,11
"荭草",,,11
"沙棘[胡颓子科沙棘属植物]",,,3
"橡胶树",,,0
"水晶花烛",,,2
"花烛属",,,2
"醋栗[醋栗科植物山麻子的果实]",,,17
"灯笼果",,,17
gooseberry,,,17
"网球花",,,2
"桑[荨麻目桑科植物]",,,17
"桑树",,,17
"桑亚科",,,17
"桑族",,,17
"石榴皮",,,4
"石榴科",,,4
"竹叶椒",,,9
"红豆蔻",,,2
"大高良姜",,,2
"益智[姜科植物]",,,2
"良姜亚属",,,2
"海桐",,,0
"苍耳子",,,1
"苍耳属",,,1
"蔓荆子[中药]",,,7
"蛇床子[伞形科植物]",,,16
"蛇床属",,,16
"补骨脂",,,5
"诃子[使君子科、诃子属乔木]",,,4
"云南",,,4
"陈皮",,,9
"橘皮",,,9
"橘",,,9
"预知子",,,7
"木通科",,,7
"木通属",,,7
"菇娘",,,1
"毛酸浆",,,1
"酸浆属",,,1
"菇凉",,,1
"青果[植物物种]",,,7
"橄榄",,,7
"木犀榄属",,,7
"板蓝根[中药]",,,6
"菘蓝属",,,6
"菘蓝",,,6
"全国各地",,,6
"油菜[芸薹属植物]",,,6
"黄荆子[植物]",,,7
"鸦胆子[苦木科植物]",,,9
"鸦胆子属",,,9
"甘蔗[禾本科甘蔗属植物]",,,2
"烟草[植物]",,,1
"烟叶",,,1
"夜香树族",,,1
"烟草属",,,1
"美丽石莲花",,,17
"墨西哥",,,17
"藏红花[番红花俗称]",,,2
"番红花属",,,2
"人心果",,,3
"山榄科",,,3
"铁线子属",,,3
"山竹子[多种植物的别称]",,,14
"香茶菜",,,7
"翻白草",,,5
"黄栋头",,,9
"神秘果",,,4
"野蔷薇[植物]",,,5
"仙人果",,,0
"丹参—甘西鼠尾",,,7
"紫丹参",,,7
"根",,,7
"桂皮[植物]",,,12
"丹参[中药]",,,7
"鼠尾草属",,,7
"酸枣[鼠李科枣属植物]",,,14
"乌饭树[植物]",,,15
"梧桐[锦葵目梧桐科植物]",,,5
"梧桐属",,,5
"播娘蒿",,,6
"大蒜芥族",,,6
"腐婢",,,7
"豆腐柴属",,,7
"豆腐柴",,,7
"拐枣",,,14
"鼠李族",,,14
"枳椇属",,,14
"俅江枳椇",,,14
"乌药",,,12
"山胡椒属",,,12
"胡孙眼",,,4
"微生物",,,4
"菥蓂[植物]",,,6
"铜钱树",,,14
"马甲子属",,,14
"稗[禾本科、稗属草本植物]",,,2
"独行菜",,,6
"台湾莴苣",,,1
"翅果菊属",,,1
"台湾翅果菊",,,1
"菊花脑[植物]",,,1
"菊属",,,1
"党参[桔梗科党参属植物]",,,1
"党参亚属",,,1
"野白菜",,,15
"七星莲",,,15
"蔓茎堇菜组",,,15
"堇菜亚属",,,15
"水苦荬",,,7
"婆婆纳属",,,7
"竹子花",,,2
"牯岭勾儿茶",,,3
"狼把草",,,1
"一年",,,1
"草本",,,1
"番杏[植物]",,,11
"番杏属",,,11
"枫荷梨",,,16
"树参属",,,16
"蜜花豆",,,5
"豆类",,,5
"盐云参",,,0
"补血草属",,,0
"溪黄草[香茶菜属·溪黄草]",,,5
"香茶菜族",,,5
"蒟酱",,,4
"胡椒属",,,4
"茶菊花",,,1
"菊亚族",,,1
"菊组",,,1
"野菊系",,,1
"罗布麻[草药]",,,13
"夹竹桃亚科",,,13
"夹竹桃族",,,13
"罗布麻属",,,13
"南蛇藤[植物]",,,9
"卫矛亚目",,,9
"卫矛科",,,9
"卫矛亚科",,,9
"南蛇藤族",,,9
"南蛇藤属",,,9
"咖啡树",,,3
"咖啡族",,,1
"咖啡属",,,3
"前胡[伞形科前胡属植物]",,,16
"南沙参[草药]",,,1
"泡参",,,1
"泡沙参",,,1
"沙参属",,,1
"党参属",,,1
"商陆[商陆科商陆属植物]",,,1
"白杜",,,9
"卫矛族",,,9
"枳椇子",,,14
"卫矛[植物]",,,9
"车前",,,1
"水烛",,,2
"香蒲科",,,2
"香蒲属",,,2
"土人参[土人参属植物]",,,5
"马齿苋科",,,5
"越桔[杜鹃花科植物]",,,15
"越桔属",,,15
"莳萝",,,16
"地榆[蔷薇科地榆属植物]",,,5
"忍冬[忍冬科忍冬属植物]",,,16
"金银花",,,16
"忍冬亚属",,,16
"日本珊瑚树",,,16
"荚迷属",,,16
"地黄[玄参科地黄属植物]",,,1
"天葵子",,,12
"紫背天葵",,,12
"天葵草",,,12
"毛莨科",,,12
"天葵属",,,12
"夏初",,,12
"威灵仙[毛茛科植物]",,,12
"银莲花族",,,12
"铁线莲属",,,12
"蓟[菊科蓟属的植物]",,,1
"野菊[菊科植物]",,,1
"菊花",,,1
"野菊花",,,1
"苍耳[菊科苍耳属植物]",,,1
"豚草",,,1
"燕麦",,,2
"酸性土壤",,,2
"饲料",,,2
"大米草",,,2
"食人草",,,2
"米草属",,,2
"当归[植物]",,,16
"多年生",,,3
"全球",,,3
"紫茎泽兰",,,1
"泽兰族",,,1
"泽兰属",,,1
"琼花",,,1
"五福花科",,,1
"荚蒾族",,,1
"荚蒾属",,,1
"绣球荚蒾",,,1
"大方",,,1
"裸芽组",,,1
"徐长卿[药用植物]",,,13
"鹅绒藤属",,,13
"薇甘菊",,,1
"假泽兰属",,,1
"飞机草[植物]",,,1
"垂柳[杨柳科柳属落叶乔木]",,,3
"莱阳梨",,,3
"茌梨",,,3
"川木香",,,1
"四川",,,1
"川乌[植物]",,,12
"乌头属",,,12
"鲁冰花[草本植物]",,,5
"羽扇豆",,,5
"羽扇豆属",,,5
"广豆根",,,4
"山豆根",,,4
"越南槐",,,4
"巴戟天[茜草科巴戟天属植物]",,,1
"俏兜兰",,,2
"卡特兰[兰科植物]",,,2
"卡特兰属",,,2
"四季",,,2
"杜仲[植物滋补药材]",,,3
"杜仲目",,,3
"杜仲科",,,3
"杜仲属",,,3
"汉中防己",,,7
"异叶马兜铃",,,7
"牛膝",,,11
"海仙花[忍冬科锦带花属植物]",,,16
"锦带花族",,,16
"蝟实",,,16
"猬实",,,16
"北极花族",,,16
"天目琼花",,,1
"白头翁—兴安白头翁",,,7
"银叶菊",,,1
Dusty Miller,,,1
"美兰菊",,,4
"龙脑香",,,15
"蓍草[菊科植物]",,,3
"蓍属",,,3
"凌霄[紫葳科凌霄属植物]",,,7
"灌木",,,7
"太平花",,,17
"山梅花属",,,17
"榆叶梅",,,5
"桃属",,,5
"扁桃亚属",,,5
"檀香树",,,3
"檀香科",,,3
"檀香属",,,3
"白芍[毛茛科白芍属植物]",,,12
"青羊参",,,12
"白蔹[葡萄科植物]",,,3
"蛇葡萄属",,,3
"悬铃木[植物]",,,17
"山龙眼目",,,17
"悬铃木科",,,17
"悬铃木属",,,17
"文冠果[植物]",,,9
"车桑子亚科",,,9
"文冠果属",,,9
"肉桂[植物]",,,12
"皂荚[豆科植物]",,,5
"云实族",,,5
"美登木",,,5
"香荚兰",,,2
"羽衣甘蓝",,,6
"巨龙竹",,,2
"牡竹属",,,2
"百部—直立百部",,,7
"射干[植物]",,,2
"射干属",,,2
"糯竹",,,2
"梨竹族",,,2
"空竹属",,,2
"火焰树",,,4
"硬骨凌霄族",,,4
"文心兰",,,2
"柚木",,,7
"紫荆[豆目豆科紫荆属植物]",,,5
"紫荆族",,,5
"百部—蔓生百部",,,7
"依兰香",,,12
"依兰属",,,12
"天人菊[菊科植物]",,,1
"堆心菊族",,,1
"天人菊属",,,1
"团花树",,,1
"黄梁木",,,1
"团花属",,,1
"轻木",,,14
"金盏菊[植物名称]",,,1
"紫菀",,,1
"曼陀罗花",,,1
"时钟花",,,0
"墨兰[一种植物]",,,2
"羊蹄[酸模属植物]",,,11
"酸模亚科",,,11
"酸模族",,,11
"巴天酸亚属",,,11
"紫草[紫草科紫草属植物]",,,7
"紫草亚科",,,7
"紫草族",,,7
"苎麻根[荨麻科植物苎麻的根]",,,4
"粉防己[防己科千金藤属植物]",,,5
"普陀鹅耳枥",,,3
"榛族",,,3
"鹅耳枥属",,,3
"红枣",,,14
jujube,,,14
"粉团[荚蒾属植物]",,,1
"网站",,,1
"卡多利亚[诗]",,,3
"南美",,,3
"鸢尾[一种植物]",,,2
"鸡冠状附属物亚属",,,2
"荜澄茄",,,12
"木姜子属",,,12
"山鸡椒",,,12
"野菊花[菊科草本植物]",,,17
"春黄菊属",,,17
"金琥",,,11
"仙人柱亚科",,,11
"点纹十二卷",,,2
"阿福花科",,,2
"十二卷属",,,2
"南非",,,2
"七叶一枝花[植物]",,,2
"蚤休",,,2
"重楼族",,,2
"南重楼组",,,2
"苦槠",,,3
"锥属",,,3
"蜜瓜[水果]",,,15
"甜瓜",,,15
"台湾百合[单子叶植物纲百合科植物]",,,2
"亚洲百合",,,2
"湖北百合",,,2
"葡萄风信子",,,2
"黄瓜[黄瓜]",,,1
"黄瓜属",,,1
"刺桐",,,5
"甜槠",,,3
"龙船花[植物]",,,1
"茜草亚科",,,1
"龙船花属",,,1
"紫茉莉[紫茉莉科宿根植物]",,,5
"紫茉莉属",,,5
"米老鼠树花",,,0
"桂叶黄梅",,,0
"金莲木科",,,0
"金莲木属",,,0
"光叶子花",,,11
"紫茉莉科",,,11
"叶子花属",,,11
"扶桑[木槿属植物]",,,0
"小说",,,0
"韭莲",,,2
"葱莲属",,,2
"南天竹[植物]",,,12
"南天竹属",,,12
"日本小檗",,,12
"小檗属",,,12
"否",,,12
"总状花序",,,0
raceme,,,0
"穗状花序",,,0
"首乌",,,11
"爪黄飞电[曹操爱驹]",,,0
"《三国演义》第二十回",,,0
"绝影",,,0
"坐骑",,,0
"伞房花序",,,2
"攀枝花苏铁",,,0
"远志[草本植物]",,,5
"远志目",,,5
"霸王鞭[大戟科大戟属植物]",,,0
"大戟亚属",,,0
"一品红[大戟属植物]",,,0
"一品红亚属",,,0
"火炬树",,,9
"盐肤木属",,,9
"盐肤木[植物]",,,9
"果梅",,,5
"杏梅",,,5
"落花生[豆科植物]",,,5
"扦插[术语]",,,15
"豆瓣绿属",,,15
"插条",,,15
"张克庆",,,17
72,,,17
"中国旅游出版社",,,17
"精装",,,17
"出版物",,,17
"当门子",,,7
"红大",,,15
"芋头[一种食用植物]",,,2
"泽泻目",,,2
"芋属",,,2
"野漆树",,,9
"漆属",,,9
"水苋菜[植物]",,,4
"光紫黄芩",,,7
"顶序黄芩组",,,7
"宽叶黄芩亚组",,,7
"韩信草系",,,7
"黄山鼠尾草",,,7
"鼠尾草族",,,7
"柚[芸香科柑橘属植物]",,,9
"木奶果",,,0
"叶下珠亚科",,,0
"叶下珠族",,,0
"长圆叶水苏",,,7
"澳洲坚果",,,17
"山龙眼科",,,17
"酸角[植物]",,,5
"地瓜[豆科豆薯属、草藤本植物]",,,5
"小野芝麻",,,1
"假野芝麻",,,1
"早熟禾",,,2
"黑麦草",,,2
"宝盖草",,,7
"野芝麻属",,,7
"密花胡颓子",,,4
"羊奶果",,,4
"常绿组",,,4
"野牛草",,,4
"无忧花",,,5
"甘豆族",,,4
"娑罗树",,,15
"龙脑香科",,,15
"娑罗双属",,,15
"地涌金莲[芭蕉科植物]",,,2
"地涌金莲属",,,2
"白桂木",,,3
"波罗蜜属",,,3
"箬竹",,,2
"北美箭竹超族",,,2
"花叶垂榕",,,2
"垂枝榕",,,2
"寒梅[“岁寒三友”之一]",,,5
"温州蜜桔",,,9
"青花椒",,,9
"崖椒亚属",,,9
"斜叶榕",,,3
"木瓜榕",,,3
"南亚热带",,,3
"腰果",,,9
"象鼻棕",,,3
"酒椰",,,3
"鳞果亚科",,,3
"省藤族",,,3
"酒椰属",,,3
"董棕",,,3
"鱼尾葵属",,,3
"侧柏",,,2
"松杉纲",,,2
"松柏目",,,2
"柏科",,,2
"贝叶棕",,,3
"糖棕",,,3
"板根",,,3
"野豇豆",,,5
"豇豆属",,,5
"紫穗槐",,,5
"接骨消",,,7
"山黄枝",,,3
"生菜[植物]",,,1
"枚肉草",,,4
"黄花稔属",,,4
"豌豆[植物]",,,5
"檀木",,,3
"热带地区",,,3
"云实[中草药]",,,5
"云实属",,,5
"猫毛草",,,2
"臭草属",,,2
"臭草",,,2
"刺槐[豆科刺槐属乔木]",,,17
"高原之舟",,,4
"牦牛",,,4
"山合欢",,,3
"广布野豌豆",,,5
"细叶野豌豆组",,,5
"野扁豆",,,5
"黄檀",,,5
"野大豆[植物]",,,5
"大豆属",,,5
"虾脊兰",,,2
"白及",,,2
"藤长苗",,,1
"飞蛾藤",,,1
"国家一级保护植物",,,4
"千岛玉叶",,,15
1982年,,,15
"白蝴蝶",,,2
"合果芋",,,2
"丁茄",,,7
"酸浆[茄科植物]",,,1
"日本榧树",,,3
"博落回",,,6
"婴粟亚科",,,6
"蜡梅[蜡梅科蜡梅属植物]",,,12
"延胡索[罂粟科紫堇属植物]",,,6
"荷包牡丹亚科",,,6
"刻叶紫堇",,,6
"紫堇族",,,6
"紫堇属",,,6
"紫堇[植物]",,,6
"宝洪茶",,,15
"十里香茶",,,15
"石笕茶",,,15
"诸暨市",,,15
"舜皇云尖",,,15
"阳羡雪芽茶",,,15
"崖花海桐",,,5
"海桐花科",,,5
"海桐花属",,,5
"风兰[兰科风兰属植物]",,,2
"浮萍[水生植物]",,,2
"浮萍科",,,2
"浮萍属",,,2
"千金藤",,,12
"五山盖米茶",,,15
"玉蝴蝶[紫葳科植物玉蝴蝶种子]",,,7
"木蝴蝶",,,7
"音乐",,,7
"防风[草药]",,,16
"防风属",,,16
"四大名花",,,2
"金花猕猴桃",,,15
"中华猕猴桃",,,15
"曼佗罗",,,15
"茶花",,,15
"满山红[杜鹃花科植物]",,,15
"全缘叶冬青",,,0
"金平氏冬青",,,0
"爬树龙",,,3
"崖爬藤属",,,3
"桃花茶",,,5
"洋枯梗",,,2
"醉蝶花",,,2
"白花菜属",,,2
"红花酢浆草[植物]",,,4
"酢浆草属",,,4
"金龟树",,,0
"牛蹄豆",,,0
"贝母",,,2
"异型组",,,2
"莸",,,7
"火焰木",,,4
"火焰树属",,,4
"榅桲",,,5
"马蹄金[旋花科马蹄金属植物]",,,7
"旋花族",,,7
"华西淫羊藿",,,12
"红花籽油",,,10
"红花油",,,10
"华榛",,,3
"榛属",,,3
"大豆油",,,3
"黄花菜[植物]",,,2
"菜豆树[植物]",,,4
"菜豆树属",,,4
"泽泻科",,,2
"毛叶榄",,,9
"矮沙冬青",,,5
"沙冬青属",,,5
"矮牡丹",,,12
"条鳅鱼类",,,4
"山海螺",,,1
"羊乳",,,1
"大头陈",,,7
"毛麝香属",,,7
"球花毛麝香",,,7
"韩信草[植物名称]",,,7
"缅茄树",,,4
"云实科",,,4
"缅茄属",,,4
"苦荬菜[植物]",,,1
"苦荬菜属",,,1
"莓叶委陵菜",,,5
"晒干",,,5
"菊三七",,,1
"菊叶三七",,,1
"萱草根",,,2
"萝芙木[夹竹桃科萝芙木属植物]",,,1
"郁金",,,2
"姜黄属",,,2
"鹿角菜",,,7
"银柴胡[石竹科繁缕属植物]",,,11
"繁缕族",,,11
"飞龙掌血[植物]",,,9
"飞龙掌血亚科",,,9
"飞龙掌血属",,,9
"拟南芥",,,6
"鼠耳芥",,,6
"南芥族",,,6
